-- Курсовая работа Гладышева ВВ
-- Набор данных для БД MOEX

USE moex;

TRUNCATE clientele;
SET FOREIGN_KEY_CHECKS = 0;
SET FOREIGN_KEY_CHECKS = 1;

-- Таблица клиентов
TRUNCATE clientele;
INSERT INTO `clientele` VALUES 
('1','5291833154390056','5132768160943622','4539865194523313','5246318951036470','5390747105903694','4024007163248','4539472477867','2016-05-29 20:28:02','2017-12-04 16:20:10'),
('2','5296320147885895','6011174607214955','4024007105846','5372423320252362','4539539064948545','5167722047887747','5405263701791015','2000-08-05 17:08:47','2006-11-30 10:23:30'),
('3','4916250573029264','5152794546900431','346849589866338','5568406531569487','4532396145097906','5222101567275631','5292749199840242','1971-07-19 00:54:45','2017-09-27 18:33:16'),
('4','4716558437137','5452351160126677','345894160655763','5335387815303394','4716423419736','5130909407683343','6011034091030513','2012-09-10 08:43:51','1986-01-08 05:46:11'),
('5','5554757265746536','5410954211352940','4556122129141042','4024007146036','6011984678418580','5582603413923741','5486655049859971','1985-12-08 22:42:19','2005-01-06 12:01:37');
/*('6','5452527075994848','4716045742476609','4024007173964','4556992794612200','6011426929714902','6011744797688100','4024007136647','1979-11-18 14:38:37','1999-08-26 03:53:48'),
('7','375782706543877','4947412985650737','5479521355575331','6011111228251566','5215132289116295','5508170461363529','4539315594528','1981-07-11 22:37:45','1996-01-19 17:44:14'),
('8','4539092838778','4024007180006','4539756110199381','4485765622303','4532013509943543','5101933783195570','5443018893746029','1971-10-03 07:28:17','1992-11-20 22:53:17'),
('9','5361359250255741','4385043074318388','6011115367019591','5548023802972586','4485932341679','5292650192585875','4716083174425053','1996-01-01 02:59:15','2004-12-26 14:56:10'),
('10','4929126084901','5272303790906855','4929942480959','5390099439125713','5306410399875883','4916519122044648','5203883764941351','2001-04-05 07:07:49','1995-01-18 22:15:47'),
('11','5452600049593275','5131259798224900','5239064081281141','5297742719877376','5116214170891695','4716856230716','340206546656000','1978-07-09 00:41:57','1997-05-05 20:26:52'),
('12','4532926224524999','4024007151802168','5477171446972314','5268989240218355','5134468932578020','378001445406685','5579683817398552','1993-04-22 14:59:39','2003-04-08 06:14:45'),
('13','341593140105270','6011576751445897','5177773769194398','5596023280653806','5146345320330766','5531905997710596','4556085980746354','1995-07-19 13:37:21','1991-05-31 13:41:34'),
('14','6011961602541879','5503940324059464','4929372378713141','5402007505366005','4556833164988775','4556167585078','349476604853158','1999-08-09 06:24:26','2011-08-05 05:23:03'),
('15','4532095662000','5189345725743814','5173956795936420',-- '5246318951036470','5390747105903694','4024007163248','6011138136355288','1980-04-30 07:23:02','1977-01-31 01:40:08'),
('16','4024007174306','5181673376601772','342778745932484',-- '5372423320252362','4539539064948545','5167722047887747','370930761276381','1971-09-16 09:07:13','1973-03-23 22:18:50'),
('17','4024007146424439','4131710188811635','5165105184483831',-- '5568406531569487','4532396145097906','5222101567275631','4024007195270390','2003-04-09 02:20:06','1989-12-02 05:51:28'),
('18','5222670576399967','4539655937271','5230406893781115',-- '5335387815303394','4716423419736','5130909407683343','4929077512900107','2011-01-08 09:21:23','1998-10-11 08:03:47'),
('19','6011049264575868','4539024212375769','4539225843464',-- '4024007146036','6011984678418580','5582603413923741','372790668310864','1995-07-14 07:09:07','1975-11-12 00:31:37'),
('20','4716652935238793','4929393333830544','4539453104762',-- '346444853637869','6011686087981621','344035285232054','4418050879151700','2010-05-27 19:23:23','1974-01-25 05:54:42'); */
SELECT * FROM clientele;

-- Таблица профилей клиентов
TRUNCATE profiles;
INSERT INTO `profiles` VALUES 
('1','Josianne','Gerlach','Brakus','adeline.senger@example.org','f','1978-01-21','East Danika'),
('2','Amaya','Mante','Thiel','bboyer@example.net','f','1975-04-22','Kubmouth'),
('3','Grady','Dare','Weimann','smurray@example.net','f','1988-01-09','Stephaniashire'),
('4','Curtis','Simonis','Willms','maybelle35@example.com','m','2002-06-15','Beierview'),
('5','Colleen','Kunde','Lesch','ziemann.cleveland@example.com','m','1971-11-10','New Annaberg');
/*('6','Guiseppe','Dooley','Bernier','nona.powlowski@example.com','f','2004-03-20','Dominiquehaven'),
('7','Consuelo','Dietrich','Pacocha','ana.wiegand@example.org','m','2004-10-02','Port Kathryne'),
('8','Maureen','Paucek','Rolfson','arvilla.feil@example.org','m','1972-07-26','Bergstrommouth'),
('9','Celine','Larkin','Balistreri','leila54@example.net','f','1998-05-23','West Archibaldville'),
('10','Olga','Emmerich','Botsford','eschmeler@example.com','f','1970-09-12','Devanside'),
('11','Andre','Lindgren','Ritchie','malinda.hilll@example.net','m','1991-03-28','West Johnpaulchester'),
('12','Mazie','Rogahn','Rutherford','marisa.goodwin@example.com','m','2011-10-10','O\'Keefeville'),
('13','Sabryna','Treutel','Stiedemann','ebernhard@example.com','f','1975-11-21','Verliefurt'),
('14','Belle','Runte','Borer','waylon19@example.com','f','1982-01-18','Wisokyfort'),
('15','Joan','DuBuque','Ledner','jaylin64@example.org','f','1977-04-01','North Chanel'),
('16','Concepcion','D\'Amore','Lueilwitz','shields.ashlynn@example.com','f','2017-07-24','Lake Earl'),
('17','Demarcus','Treutel','Zemlak','dickinson.kenya@example.org','m','1990-06-11','Torphyside'),
('18','River','Gulgowski','Parker','kschimmel@example.com','m','2003-03-08','McDermottberg'),
('19','Leatha','Jakubowski','Mitchell','hope62@example.org','f','1984-08-08','Sydnistad'),
('20','Emil','Streich','Wisoky','anabel.yundt@example.com','m','2009-03-17','Blandafurt');*/
SELECT * FROM profiles;

-- Таблица брокерских счетов
TRUNCATE brokerage_accounts;
INSERT INTO `brokerage_accounts` VALUES 
(5291833154390056,FALSE,TRUE,100000,'2017-12-04 16:20:10',TRUE),
(5296320147885895,FALSE,TRUE,200000,'2006-11-30 10:23:30',FALSE),
(4916250573029264,FALSE,TRUE,300000,'2017-09-27 18:33:16',TRUE),
(4716558437137,FALSE,TRUE,400000,'1986-01-08 05:46:11',FALSE),
(5554757265746536,FALSE,TRUE,500000,'2005-01-06 12:01:37',TRUE),
(5246318951036470,TRUE,TRUE,100000,'2017-12-04 16:20:10',TRUE),
(5372423320252362,TRUE,TRUE,200000,'2006-11-30 10:23:30',FALSE),
(5568406531569487,TRUE,TRUE,300000,'2017-09-27 18:33:16',TRUE),
(5335387815303394,TRUE,TRUE,400000,'1986-01-08 05:46:11',FALSE),
(4024007146036,TRUE,TRUE,500000,'2005-01-06 12:01:37',TRUE);
SELECT * FROM brokerage_accounts;

-- Таблица счетов срочного рынка
TRUNCATE derivatives_accounts;
INSERT INTO `derivatives_accounts` VALUES 
(5132768160943622,FALSE,TRUE,100000,'2017-12-04 16:20:10',TRUE,TRUE),
(6011174607214955,FALSE,TRUE,200000,'2006-11-30 10:23:30',FALSE,TRUE),
(5152794546900431,FALSE,TRUE,300000,'2017-09-27 18:33:16',TRUE,TRUE),
(5452351160126677,FALSE,TRUE,400000,'1986-01-08 05:46:11',FALSE,FALSE),
(5410954211352940,FALSE,TRUE,500000,'2005-01-06 12:01:37',TRUE,FALSE),
(5390747105903694,TRUE,TRUE,100000,'2017-12-04 16:20:10',TRUE,TRUE),
(4539539064948545,TRUE,TRUE,200000,'2006-11-30 10:23:30',FALSE,TRUE),
(4532396145097906,TRUE,TRUE,300000,'2017-09-27 18:33:16',TRUE,TRUE),
(4716423419736,TRUE,TRUE,400000,'1986-01-08 05:46:11',FALSE,FALSE),
(6011984678418580,TRUE,TRUE,500000,'2005-01-06 12:01:37',TRUE,FALSE);
SELECT * FROM derivatives_accounts;

-- Таблица счетов валютного рынка
TRUNCATE currency_accounts;
INSERT INTO `currency_accounts` VALUES 
(4539865194523313,FALSE,TRUE,'2017-12-04 16:20:10',TRUE),
(4024007105846,FALSE,TRUE,'2006-11-30 10:23:30',FALSE),
(346849589866338,FALSE,TRUE,'2017-09-27 18:33:16',TRUE),
(345894160655763,FALSE,TRUE,'1986-01-08 05:46:11',FALSE),
(4556122129141042,FALSE,TRUE,'2005-01-06 12:01:37',TRUE),
(4024007163248,TRUE,TRUE,'2017-12-04 16:20:10',TRUE),
(5167722047887747,TRUE,TRUE,'2006-11-30 10:23:30',FALSE),
(5222101567275631,TRUE,TRUE,'2017-09-27 18:33:16',TRUE),
(5130909407683343,TRUE,TRUE,'1986-01-08 05:46:11',FALSE),
(5582603413923741,TRUE,TRUE,'2005-01-06 12:01:37',TRUE);
SELECT * FROM currency_accounts;

-- Таблица сделок фондового рынка
INSERT INTO `stock_market` VALUES 
('5291833154390056','21','2126','1','2010-09-28 12:43:25','3153.77','0'),
('5296320147885895','36','5428','1','2002-03-23 21:38:53','3902.5','0'),
('5554757265746536','28','6955','1','2011-06-27 00:40:39','4416.72','0'),
('4716558437137','1','1519','1','2000-02-22 21:31:13','4650.4','0'),
('4916250573029264','37','7707','1','2012-04-15 07:40:02','4736','0'),
('5291833154390056','40','7578','1','1977-09-16 05:28:47','1591.18','0'),
('5291833154390056','44','562','1','1975-01-08 07:29:43','982.049','0'),
('4716558437137','17','9194','1','2002-01-28 16:32:17','3603.8','0'),
('5554757265746536','11','8030','0','2008-12-18 04:55:45','4530.28','0'),
('5296320147885895','38','5980','1','1988-03-21 12:41:08','1330.3','0'),
('5296320147885895','19','6187','1','1985-04-07 09:49:20','1162.95','0'),
('5296320147885895','35','5063','1','2015-09-02 03:04:20','3562.49','0'),
('4916250573029264','11','7444','1','1973-10-03 18:18:53','2083.71','0'),
('5291833154390056','26','293','1','1994-11-30 04:24:57','2755','0'),
('4716558437137','11','4019','0','2018-06-06 06:14:59','1873.87','0'),
('5554757265746536','2','7023','1','2011-10-24 01:40:01','2881.66','0'),
('5554757265746536','14','5654','0','1999-07-07 12:02:07','4919.27','0'),
('4916250573029264','19','9011','1','1989-02-18 01:39:53','2248.4','0'),
('4716558437137','3','1871','1','2012-08-20 18:03:16','4455','0'),
('5296320147885895','18','7907','1','1995-07-10 11:31:30','2677.11','0'),
('5291833154390056','2','5509','1','1986-08-07 14:31:16','2027.8','0'),
('5291833154390056','10','3837','1','1982-08-20 14:58:45','138.202','0'),
('5554757265746536','14','5788','1','1990-07-18 10:07:09','1125.1','0'),
('5296320147885895','28','8171','1','1976-03-31 05:10:00','4782.57','0'),
('4716558437137','25','432','1','1977-11-05 15:52:37','4666','0'),
('5296320147885895','43','5635','1','1975-05-26 09:12:22','3015.22','0'),
('4916250573029264','16','4747','1','2003-10-15 22:50:43','4410.9','0'),
('5554757265746536','33','3827','1','1976-10-09 19:01:21','3049.1','0'),
('5554757265746536','25','1578','1','2000-04-15 13:56:10','1978.52','0'),
('5296320147885895','30','7122','0','2015-05-03 00:33:39','3857.6','0'),
('5291833154390056','45','5775','1','2006-04-25 12:48:17','3090.83','0'),
('5296320147885895','11','3923','1','1995-11-21 00:16:23','4250.31','0'),
('4916250573029264','23','6025','1','1986-09-13 00:00:57','2494.32','0'),
('5554757265746536','18','6977','1','1977-01-29 08:17:12','443.1','0'),
('5291833154390056','25','7337','1','1973-12-11 09:59:08','4395.24','0'),
('5296320147885895','27','5790','1','1977-02-05 00:48:13','3410.99','0'),
('4916250573029264','41','5155','1','2008-06-27 15:25:15','4004.32','0'),
('5291833154390056','29','7388','1','2017-11-16 04:11:18','1067.48','0'),
('5296320147885895','44','6293','1','1985-03-05 00:43:09','472.476','0'),
('5296320147885895','2','7383','1','1974-01-03 17:39:35','1984.8','0'),
('5554757265746536','12','7355','1','1996-03-31 09:28:47','4184.37','0'),
('5554757265746536','19','5083','0','1984-03-26 03:42:21','3873','0'),
('4916250573029264','30','3968','1','1986-06-22 08:36:55','687.621','0'),
('4716558437137','15','7216','1','1995-07-22 07:23:31','3874.96','0'),
('4716558437137','19','4691','1','1974-10-01 09:16:19','818.501','0'),
('5296320147885895','14','7500','1','1980-03-19 07:41:10','3789.29','0'),
('4916250573029264','44','2010','1','1990-10-22 04:36:32','1614.09','0'),
('4916250573029264','26','4343','1','1987-03-30 12:07:59','4390.84','0'),
('5291833154390056','22','7448','1','2000-08-09 03:34:48','210.709','0'),
('4916250573029264','29','2945','1','2015-10-04 17:40:40','968.661','0'),
('4716558437137','6','838','1','2008-04-04 10:40:48','2064.89','0'),
('5554757265746536','31','5858','1','1976-11-13 08:37:32','2497.07','0'),
('5554757265746536','26','5431','1','1992-12-22 22:59:26','378.048','0'),
('5291833154390056','39','2503','1','1986-07-28 10:55:15','1376.16','0'),
('4916250573029264','32','272','1','1989-06-24 17:49:13','2395','0');
 SELECT * FROM stock_market;

-- Таблица сделок срочного рынка
TRUNCATE derivatives_market;
INSERT INTO `derivatives_market` VALUES 
('5452351160126677','24','7178', TRUE, '1988-03-12 20:22:15','4411.0', 0),
('5132768160943622','8','2964', TRUE, '2001-08-31 07:45:54','2866.1', 0),
('6011174607214955','19','493', FALSE, '2001-06-02 23:52:17','3809.2', 0),
('5410954211352940','6','3113', TRUE, '1994-07-08 19:31:11','1308', 0),
('5452351160126677','7','3979', FALSE, '2015-07-23 12:05:04','4647.5', 0),
('6011174607214955','18','5024', TRUE, '2008-01-03 22:58:19','3633', 0),
('5132768160943622','20','5924', TRUE, '1982-07-31 14:14:16','3471.6', 0),
('5452351160126677','1','7147', FALSE,'2010-10-24 01:32:04','4999', 0),
('5132768160943622','6','8584', TRUE, '1975-04-15 18:17:28','2058.02', 0),
('6011174607214955','8','3799', FALSE,'1981-11-05 09:05:59','2881', 0),
('5452351160126677','16','3999', TRUE, '2018-04-19 18:23:06','3133.1', 0),
('5410954211352940','18','7172', TRUE,'1979-04-05 14:30:07','4714', 0),
('5132768160943622','11','4878', TRUE,'2008-07-25 22:23:28','2538.2', 0),
('6011174607214955','8','3294', FALSE,'1986-04-10 11:18:15','90.02', 0),
('5152794546900431','9','6880', TRUE,'1995-01-30 12:47:15','1224.2', 0),
('5132768160943622','17','7623', TRUE,'1994-03-28 06:09:15','3404.9', 0),
('5152794546900431','5','5053', FALSE,'1978-05-05 21:31:59','1743', 0),
('5410954211352940','1','3129', TRUE,'2011-03-04 23:24:00','4284.6', 0),
('5452351160126677','10','7744', TRUE,'2018-08-13 21:27:59','4194.7', 0),
('6011174607214955','12','9015', TRUE,'1986-04-01 09:51:45','4712.6', 0),
('5152794546900431','6','3447', FALSE,'2016-06-26 16:12:54','2169', 0),
('5132768160943622','27','5992', TRUE,'2005-01-12 22:57:44','1835.12', 0),
('6011174607214955','22','682', FALSE,'2006-03-31 20:35:31','776.87', 0),
('5132768160943622','30','1398', TRUE,'1985-04-11 07:30:22','2520.15', 0),
('6011174607214955','7','781', FALSE,'1999-12-27 21:49:39','2454', 0),
('5410954211352940','15','5737', TRUE,'1998-11-08 11:36:17','1181.13', 0),
('5132768160943622','29','75', TRUE,'1992-04-01 08:35:42','3802', 0),
('5152794546900431','23','9876', TRUE,'1999-05-19 18:19:29','4354.24', 0),
('5452351160126677','4','9948', FALSE,'1983-06-16 17:56:19','1962.2', 0),
('5132768160943622','5','8551', TRUE,'2001-06-14 13:03:11','4484.7', 0),
('6011174607214955','7','7799', FALSE,'2004-07-23 01:15:41','768.23', 0),
('6011174607214955','20','8350', TRUE,'1980-03-07 03:45:58','679.82', 0),
('5152794546900431','14','5438', TRUE,'2000-02-17 04:10:39','951.47', 0),
('5452351160126677','30','8278', TRUE,'2012-08-10 02:30:18','1904', 0),
('5152794546900431','19','2638', FALSE,'1982-03-15 11:08:17','2926.1', 0),
('5132768160943622','29','1981', TRUE,'2013-01-29 06:08:56','4751', 0),
('5152794546900431','12','298', FALSE,'1982-02-24 22:17:40','627.12', 0),
('6011174607214955','13','2887', TRUE,'1982-10-13 05:06:09','1223', 0),
('5410954211352940','4','7873', TRUE,'1991-07-03 23:28:18','286.85', 0),
('5410954211352940','17','7675', TRUE,'1983-01-27 03:14:10','3140', 0),
('5152794546900431','2','1251', FALSE,'1999-06-15 04:31:51','2755.5', 0),
('5132768160943622','2','9775', TRUE,'1988-03-04 22:12:33','4379', 0),
('5452351160126677','22','5454', FALSE, '1989-09-08 08:31:00','2294.6', 0),
('5410954211352940','7','1498', TRUE, '2014-01-20 04:27:22','1514.78', 0),
('5132768160943622','6','5497', TRUE, '2002-03-20 21:48:42','395.06', 0),
('6011174607214955','23','8297', TRUE, '2007-01-12 04:09:33','2037.4', 0),
('5452351160126677','25','1901', FALSE, '1975-10-17 17:39:06','4215.6', 0),
('5152794546900431','21','2246', TRUE, '2018-04-25 06:37:05','500.68', 0),
('5410954211352940','16','1971', TRUE, '1972-08-16 12:23:26','3765.4', 0),
('5132768160943622','25','3231', TRUE, '1982-02-13 12:27:59','3246.8', 0);
SELECT * FROM derivatives_market;

-- Таблица сделок валютного рынка
INSERT INTO `currency_market` VALUES 
('4024007105846','2','91449','1','1978-03-25 00:42:11','34.9994','0'),
('4556122129141042','5','88816','1','1981-06-23 04:06:55','41.89','0'),
('4539865194523313','4','27212','0','1988-04-05 12:13:40','20.0846','0'),
('346849589866338','2','3641','1','2018-06-23 15:42:26','38.623','0'),
('346849589866338','4','26256','0','2011-11-13 04:40:02','74.6312','0'),
('345894160655763','4','74280','1','1988-10-23 02:44:59','14.2063','0'),
('4556122129141042','5','26712','0','1992-04-14 11:00:25','37.8352','0'),
('4024007105846','3','97588','1','2015-01-13 08:34:40','88','0'),
('4024007105846','4','75116','1','1989-10-31 08:29:28','14.9323','0'),
('345894160655763','4','35582','0','1997-07-13 02:28:07','40','0'),
('4539865194523313','4','40025','1','1995-05-21 20:52:50','49.1907','0'),
('345894160655763','4','24773','1','1994-08-12 05:39:24','67.97','0'),
('4539865194523313','4','81922','1','2003-08-29 19:30:33','95.6365','0'),
('345894160655763','4','57403','0','1974-12-15 04:22:52','65.0331','0'),
('4024007105846','5','23838','0','1979-01-10 03:10:54','92.961','0'),
('345894160655763','1','48352','1','1992-07-29 23:33:29','80','0'),
('4539865194523313','6','81779','1','2011-01-08 10:43:54','63.648','0'),
('345894160655763','7','18114','1','2011-06-20 01:37:34','78.0668','0'),
('346849589866338','3','11330','0','1996-11-24 05:19:21','70.3191','0'),
('346849589866338','5','64239','0','1978-05-15 00:07:03','73.9','0'),
('4024007105846','7','65171','0','2017-05-22 19:32:38','24.936','0'),
('346849589866338','6','81638','0','1972-10-06 10:24:28','95.197','0'),
('345894160655763','7','49345','0','1975-02-11 05:28:18','21.4','0'),
('4556122129141042','7','62762','1','2008-02-15 22:53:52','77.405','0'),
('4556122129141042','4','58024','0','1978-11-01 08:33:57','21.516','0'),
('345894160655763','4','54308','1','1998-01-29 07:40:10','16.4','0'),
('4539865194523313','3','80398','0','1978-01-21 11:47:49','24','0'),
('345894160655763','2','27726','0','1998-12-10 22:07:45','69.449','0'),
('4539865194523313','1','84873','1','1971-04-09 13:28:25','99.9736','0'),
('4539865194523313','3','61200','0','2016-04-03 05:29:04','77.6171','0'),
('346849589866338','7','11905','0','1975-02-20 11:52:58','96.1','0'),
('345894160655763','6','25004','1','2001-10-30 04:15:24','61.1882','0'),
('345894160655763','6','29580','1','2000-03-31 13:14:05','96.96','0'),
('346849589866338','4','10414','0','2009-05-05 09:50:22','31','0'),
('346849589866338','4','73023','0','1985-07-24 12:35:58','46.42','0'),
('346849589866338','5','93683','1','2001-03-16 05:15:23','34.22','0'),
('4539865194523313','5','81192','1','2016-06-03 23:57:37','39.6645','0'),
('345894160655763','5','70916','0','2015-10-05 22:16:20','77.4112','0'),
('345894160655763','1','32700','1','1990-11-29 11:30:56','95.3634','0'),
('346849589866338','1','38107','1','1977-02-20 04:26:05','38.6622','0'),
('4539865194523313','5','65171','1','2004-08-10 03:34:07','55.0445','0'),
('4556122129141042','3','58662','1','1997-11-16 18:20:18','92.143','0'),
('4556122129141042','3','23242','1','1974-08-25 12:44:50','27.4848','0'),
('4024007105846','6','5617','0','1995-12-09 11:22:27','42.1297','0'),
('4556122129141042','4','95613','0','2012-08-20 04:33:12','95.5311','0');
SELECT * FROM currency_market;

-- Таблица ценных бумаг фондового рынка
INSERT INTO stock_market_securities 
	(stock_security_name, stock_security_name_full, stock_security_name_tiny, stock_security_code) 
VALUES 
	("MSNG [TQBR]","МосЭнерго акции обыкн.","+МосЭнерго","MSNG"), 
	("AGRO [TQBR]","ГДР ROS AGRO PLC ORD SHS","AGRO-гдр","AGRO"), 
	("ENPL [TQBR]","ГДР МКПАО ЭН+ ГРУП ORD SHS","ENPL-гдр","ENPL"), 
	("FIVE [TQBR]","ГДР X5 RetailGroup N.V.ORD SHS","FIVE-гдр","FIVE"), 
	("POLY [TQBR]","Polymetal International plc","Polymetal","POLY"), 
	("RUAL [TQBR]","United Company RUSAL Plc","RUSAL plc","RUAL"), 
	("RAVN [TQBR]","Raven Property Group Limited","Raven","RAVN"), 
	("YNDX [TQBR]","PLLC Yandex N.V. class A shs","Yandex clA","YNDX"), 
	("QIWI [TQBR]","QIWI PLC","iQIWI","QIWI"), 
	("UNAC [TQBR]","Об.авиастр.корп. ПАО ао","iАвиастКао","UNAC"), 
	("DZRD [TQBR]","Донской завод радиодеталей ао","iДонскЗР","DZRD"), 
	("DZRDP [TQBR]","Донской завод радиодеталей ап","iДонскЗР п","DZRDP"), 
	("ISKJ [TQBR]","ПАО ИСКЧ","iИСКЧ ао","ISKJ"), 
	("LVHK [TQBR]","Левенгук ОАО ао","iЛевенгук","LVHK"), 
	("NAUK [TQBR]","НПО Наука ао","iНПОНаука","NAUK"), 
	("LIFE [TQBR]","Фармсинтез ПАО ао","iФармсинтз","LIFE"), 
	("ALRS [TQBR]","АЛРОСА ПАО ао","АЛРОСА ао","ALRS"), 
	("ALNU [TQBR]","АЛРОСА-Нюрба ПАО ао","АЛРОСА-Нюр","ALNU"), 
	("ABRD [TQBR]","Абрау-Дюрсо ПАО ао","АбрауДюрсо","ABRD"), 
	("AVAN [TQBR]","АКБ АВАНГАРД ПАО ао","Авангрд-ао","AVAN"), 
	("AKRN [TQBR]","Акрон ПАО ао","Акрон","AKRN"), 
	("APTK [TQBR]","ПАО Аптечная сеть 36,6 ао","Аптеки36и6","APTK"), 
	("ARSA [TQBR]","УК Арсагера ПАО-ао","Арсагера","ARSA"), 
	("ASSB [TQBR]","Астраханская ЭСК ПАО","АстрЭнСб","ASSB"), 
	("AMEZ [TQBR]","Ашинский метзавод ПАО ао","АшинскийМЗ","AMEZ"), 
	("AFLT [TQBR]","Аэрофлот-росс.авиалин(ПАО)ао","Аэрофлот","AFLT"), 
	("BSPB [TQBR]","ПАО Банк Санкт-Петербург ао","БСП ао","BSPB"), 

	("FTRE [TQBR]","Финансовая группа БУДУЩЕЕ ао","БУДУЩЕЕ ао","FTRE"), 
	("BISV [TQBR]","Башинформсвязь(ПАО) ао","БашИнСв ао","BISV"), 
	("BISVP [TQBR]","Башинформсвязь(ПАО) ап","БашИнСв ап","BISVP"), 
	("TORS [TQBR]","ао Томская распределит.комп.","ТРК ао","TORS"), 
	("TORSP [TQBR]","ап Томская распределит.комп.","ТРК ап","TORSP"), 
	("TASB [TQBR]","аоТамбов.энергсбыт.комп.ПАО","ТамбЭнСб","TASB"), 
	("TASBP [TQBR]","апТамбов.энергсбыт.комп.ПАО","ТамбЭнСб-п","TASBP"), 
	("TATN [TQBR]","ПАО Татнефть ао","Татнфт 3ао","TATN"), 
	("TATNP [TQBR]","ПАО Татнефть ап 3 вып.","Татнфт 3ап","TATNP"), 

	("CHKZ [TQBR]","ЧКПЗ ПАО ао","ЧКПЗ ао","CHKZ"), 
	("CHMK [TQBR]","ЧМК ПАО ао","ЧМК ао","CHMK"), 
	("CHEP [TQBR]","ЧТПЗ ПАО ао","ЧТПЗ ао","CHEP"), 
	("GCHE [TQBR]","Группа Черкизово ПАО-ао","ЧеркизГ-ао","GCHE"), 
	("ELTZ [TQBR]","Электроцинк ПАО ао","Электрцинк","ELTZ"), 
	("ENRU [TQBR]","Энел Россия ПАО","ЭнелРос ао","ENRU"), 
	("RKKE [TQBR]","РКК Энергия им.С.П.Королева ао","ЭнергияРКК","RKKE"), 
	("UTAR [TQBR]","Авиакомания ЮТэйр (ПАО) ао","ЮТэйр ао","UTAR"), 
	("UNKL [TQBR]","Южно-Уральский никел. комб. ао","ЮУНК ао","UNKL"), 
	("UKUZ [TQBR]","Южный Кузбасс ПАО ао","ЮжКузб. ао","UKUZ"), 
	("UPRO [TQBR]","Юнипро ПАО ао","Юнипро ао","UPRO"), 
	("YAKG [TQBR]","Якутская топл.-энерг. комп. ао","ЯТЭК ао","YAKG"), 
	("YKENP [TQBR]","АК Якутскэнерго (ПАО) ап","Якутскэн-п","YKENP"), 
	("YKEN [TQBR]","АК Якутскэнерго (ПАО) ао","Якутскэнрг","YKEN");
SELECT * FROM stock_market_securities;

-- Таблица ценных бумаг срочного рынка
INSERT INTO derivatives_market_securities 
	(deriv_security_name, deriv_security_name_full, deriv_security_name_tiny, deriv_security_code) 
VALUES 
	("AFU9 [SPBFUT]","AFLT-9.19","AFU9","AFU9"),
	("AFZ9 [SPBFUT]","AFLT-12.19","AFZ9","AFZ9"),
	("ALU9 [SPBFUT]","ALRS-9.19","ALU9","ALU9"),
	("ALZ9 [SPBFUT]","ALRS-12.19","ALZ9","ALZ9"),
	("AMQ9 [SPBFUT]","ALMN-8.19","AMQ9","AMQ9"),
	("AMU9 [SPBFUT]","ALMN-9.19","AMU9","AMU9"),
	("AMV9 [SPBFUT]","ALMN-10.19","AMV9","AMV9"),
	("AUU9 [SPBFUT]","AUDU-9.19","AUU9","AUU9"),
	("AUZ9 [SPBFUT]","AUDU-12.19","AUZ9","AUZ9"),
	("BRF0 [SPBFUT]","BR-1.20","BRF0","BRF0"),
	("BRG0 [SPBFUT]","BR-2.20","BRG0","BRG0"),
	("BRH0 [SPBFUT]","BR-3.20","BRH0","BRH0"),
	("BRJ0 [SPBFUT]","BR-4.20","BRJ0","BRJ0"),
	("BRK0 [SPBFUT]","BR-5.20","BRK0","BRK0"),
	("BRM0 [SPBFUT]","BR-6.20","BRM0","BRM0"),
	("BRN0 [SPBFUT]","BR-7.20","BRN0","BRN0"),
	("BRQ0 [SPBFUT]","BR-8.20","BRQ0","BRQ0"),
	("BRQ9 [SPBFUT]","BR-8.19","BRQ9","BRQ9"),
	("BRU9 [SPBFUT]","BR-9.19","BRU9","BRU9"),
	("BRV9 [SPBFUT]","BR-10.19","BRV9","BRV9"),
	("BRX0 [SPBFUT]","BR-11.20","BRX0","BRX0"),
	("BRX9 [SPBFUT]","BR-11.19","BRX9","BRX9"),
	("BRZ9 [SPBFUT]","BR-12.19","BRZ9","BRZ9"),
	("BWU9 [SPBFUT]","GBMW-9.19","BWU9","BWU9"),
	("CAU9 [SPBFUT]","UCAD-9.19","CAU9","CAU9"),
	("CAZ9 [SPBFUT]","UCAD-12.19","CAZ9","CAZ9"),
	("CFU9 [SPBFUT]","UCHF-9.19","CFU9","CFU9"),
	("CFZ9 [SPBFUT]","UCHF-12.19","CFZ9","CFZ9"),
	("CHU9 [SPBFUT]","CHMF-9.19","CHU9","CHU9"),
	("CHZ9 [SPBFUT]","CHMF-12.19","CHZ9","CHZ9");
SELECT * FROM derivatives_market_securities;    

-- Таблица валюта
INSERT INTO currencies 
	(currency_name, currency_name_full, currency_name_tiny, currency_code) 
VALUES 
	("EUR_RUB__TOD [CETS]","EURRUB_TOD - EUR/РУБ","EURRUB_TOD","EUR_RUB__TOD"),
	("EUR_RUB__TOM [CETS]","EURRUB_TOM - EUR/РУБ","EURRUB_TOM","EUR_RUB__TOM"),
	("EURUSDTODTOM [CETS]","EUR/USD_TODTOM - СВОП EUR/USD","EURUSDTDTM","EURUSDTODTOM"),
	("EUR000TODTOM [CETS]","EUR_TODTOM - СВОП EUR/РУБ","EUR_TODTOM","EUR000TODTOM"),
	("USD000000TOD [CETS]","USDRUB_TOD - USD/РУБ","USDRUB_TOD","USD000000TOD"),
	("USD000UTSTOM [CETS]","USDRUB_TOM - USD/РУБ","USDRUB_TOM","USD000UTSTOM"),
	("USD000TODTOM [CETS]","USD_TODTOM - СВОП USD/РУБ","USD_TODTOM","USD000TODTOM");
SELECT * FROM currencies;
