#
# TABLE STRUCTURE FOR: communities
#

DROP TABLE IF EXISTS `communities`;

CREATE TABLE `communities` (
  `id` int(11) unsigned NOT NULL AUTO_INCREMENT,
  `name` varchar(150) COLLATE utf8_unicode_ci NOT NULL,
  PRIMARY KEY (`id`),
  UNIQUE KEY `name` (`name`)
) ENGINE=InnoDB AUTO_INCREMENT=101 DEFAULT CHARSET=utf8 COLLATE=utf8_unicode_ci;

INSERT INTO `communities` (`id`, `name`) VALUES (97, 'abbott');
INSERT INTO `communities` (`id`, `name`) VALUES (47, 'abernathy');
INSERT INTO `communities` (`id`, `name`) VALUES (94, 'anderson');
INSERT INTO `communities` (`id`, `name`) VALUES (98, 'aufderhar');
INSERT INTO `communities` (`id`, `name`) VALUES (6, 'balistreri');
INSERT INTO `communities` (`id`, `name`) VALUES (74, 'bartoletti');
INSERT INTO `communities` (`id`, `name`) VALUES (100, 'batzhermiston');
INSERT INTO `communities` (`id`, `name`) VALUES (26, 'bauch');
INSERT INTO `communities` (`id`, `name`) VALUES (30, 'beahanlangosh');
INSERT INTO `communities` (`id`, `name`) VALUES (96, 'beier');
INSERT INTO `communities` (`id`, `name`) VALUES (36, 'beierschaefer');
INSERT INTO `communities` (`id`, `name`) VALUES (92, 'berge');
INSERT INTO `communities` (`id`, `name`) VALUES (29, 'bernhard');
INSERT INTO `communities` (`id`, `name`) VALUES (23, 'boehm');
INSERT INTO `communities` (`id`, `name`) VALUES (13, 'botsford');
INSERT INTO `communities` (`id`, `name`) VALUES (5, 'bradtke');
INSERT INTO `communities` (`id`, `name`) VALUES (21, 'breitenberg');
INSERT INTO `communities` (`id`, `name`) VALUES (52, 'buckridge');
INSERT INTO `communities` (`id`, `name`) VALUES (28, 'carterhammes');
INSERT INTO `communities` (`id`, `name`) VALUES (84, 'casper');
INSERT INTO `communities` (`id`, `name`) VALUES (79, 'caspermonahan');
INSERT INTO `communities` (`id`, `name`) VALUES (46, 'cole');
INSERT INTO `communities` (`id`, `name`) VALUES (83, 'colehand');
INSERT INTO `communities` (`id`, `name`) VALUES (91, 'corwin');
INSERT INTO `communities` (`id`, `name`) VALUES (67, 'crist');
INSERT INTO `communities` (`id`, `name`) VALUES (41, 'dibbertziemann');
INSERT INTO `communities` (`id`, `name`) VALUES (38, 'dickinsonstoltenberg');
INSERT INTO `communities` (`id`, `name`) VALUES (99, 'dooley');
INSERT INTO `communities` (`id`, `name`) VALUES (66, 'dooleyfadel');
INSERT INTO `communities` (`id`, `name`) VALUES (17, 'effertzhodkiewicz');
INSERT INTO `communities` (`id`, `name`) VALUES (20, 'eichmannreynolds');
INSERT INTO `communities` (`id`, `name`) VALUES (59, 'emmerichbecker');
INSERT INTO `communities` (`id`, `name`) VALUES (86, 'ernser');
INSERT INTO `communities` (`id`, `name`) VALUES (77, 'fay');
INSERT INTO `communities` (`id`, `name`) VALUES (81, 'flatley');
INSERT INTO `communities` (`id`, `name`) VALUES (18, 'frami');
INSERT INTO `communities` (`id`, `name`) VALUES (42, 'gaylordmedhurst');
INSERT INTO `communities` (`id`, `name`) VALUES (1, 'gibson');
INSERT INTO `communities` (`id`, `name`) VALUES (12, 'goodwin');
INSERT INTO `communities` (`id`, `name`) VALUES (4, 'goyette');
INSERT INTO `communities` (`id`, `name`) VALUES (73, 'grant');
INSERT INTO `communities` (`id`, `name`) VALUES (8, 'green');
INSERT INTO `communities` (`id`, `name`) VALUES (50, 'greenfelder');
INSERT INTO `communities` (`id`, `name`) VALUES (45, 'haley');
INSERT INTO `communities` (`id`, `name`) VALUES (93, 'hamill');
INSERT INTO `communities` (`id`, `name`) VALUES (71, 'harris');
INSERT INTO `communities` (`id`, `name`) VALUES (69, 'harvey');
INSERT INTO `communities` (`id`, `name`) VALUES (85, 'hermann');
INSERT INTO `communities` (`id`, `name`) VALUES (87, 'hickle');
INSERT INTO `communities` (`id`, `name`) VALUES (33, 'hyatt');
INSERT INTO `communities` (`id`, `name`) VALUES (49, 'jacobswitting');
INSERT INTO `communities` (`id`, `name`) VALUES (32, 'johnstonfunk');
INSERT INTO `communities` (`id`, `name`) VALUES (53, 'kemmergreen');
INSERT INTO `communities` (`id`, `name`) VALUES (58, 'kemmerschumm');
INSERT INTO `communities` (`id`, `name`) VALUES (61, 'koepp');
INSERT INTO `communities` (`id`, `name`) VALUES (44, 'kohler');
INSERT INTO `communities` (`id`, `name`) VALUES (75, 'kohlerhayes');
INSERT INTO `communities` (`id`, `name`) VALUES (34, 'kris');
INSERT INTO `communities` (`id`, `name`) VALUES (64, 'krisbailey');
INSERT INTO `communities` (`id`, `name`) VALUES (63, 'kuhicspencer');
INSERT INTO `communities` (`id`, `name`) VALUES (14, 'kuhlman');
INSERT INTO `communities` (`id`, `name`) VALUES (70, 'labadie');
INSERT INTO `communities` (`id`, `name`) VALUES (51, 'lakinschoen');
INSERT INTO `communities` (`id`, `name`) VALUES (56, 'langhand');
INSERT INTO `communities` (`id`, `name`) VALUES (68, 'leannonosinski');
INSERT INTO `communities` (`id`, `name`) VALUES (57, 'lebsack');
INSERT INTO `communities` (`id`, `name`) VALUES (27, 'lemke');
INSERT INTO `communities` (`id`, `name`) VALUES (76, 'lindgren');
INSERT INTO `communities` (`id`, `name`) VALUES (82, 'lowe');
INSERT INTO `communities` (`id`, `name`) VALUES (62, 'macejkovic');
INSERT INTO `communities` (`id`, `name`) VALUES (90, 'mante');
INSERT INTO `communities` (`id`, `name`) VALUES (9, 'mcculloughtillman');
INSERT INTO `communities` (`id`, `name`) VALUES (60, 'mcdermott');
INSERT INTO `communities` (`id`, `name`) VALUES (15, 'mrazgusikowski');
INSERT INTO `communities` (`id`, `name`) VALUES (10, 'murray');
INSERT INTO `communities` (`id`, `name`) VALUES (72, 'oconnell');
INSERT INTO `communities` (`id`, `name`) VALUES (95, 'oconnellcartwright');
INSERT INTO `communities` (`id`, `name`) VALUES (43, 'okongleason');
INSERT INTO `communities` (`id`, `name`) VALUES (48, 'okuneva');
INSERT INTO `communities` (`id`, `name`) VALUES (80, 'olson');
INSERT INTO `communities` (`id`, `name`) VALUES (25, 'pagac');
INSERT INTO `communities` (`id`, `name`) VALUES (22, 'price');
INSERT INTO `communities` (`id`, `name`) VALUES (39, 'ratkecorwin');
INSERT INTO `communities` (`id`, `name`) VALUES (24, 'rau');
INSERT INTO `communities` (`id`, `name`) VALUES (35, 'rodriguezdooley');
INSERT INTO `communities` (`id`, `name`) VALUES (2, 'satterfield');
INSERT INTO `communities` (`id`, `name`) VALUES (7, 'schaden');
INSERT INTO `communities` (`id`, `name`) VALUES (65, 'shields');
INSERT INTO `communities` (`id`, `name`) VALUES (54, 'stiedemannbraun');
INSERT INTO `communities` (`id`, `name`) VALUES (31, 'stracke');
INSERT INTO `communities` (`id`, `name`) VALUES (19, 'streichtremblay');
INSERT INTO `communities` (`id`, `name`) VALUES (16, 'stroman');
INSERT INTO `communities` (`id`, `name`) VALUES (37, 'terry');
INSERT INTO `communities` (`id`, `name`) VALUES (55, 'thiel');
INSERT INTO `communities` (`id`, `name`) VALUES (11, 'treutel');
INSERT INTO `communities` (`id`, `name`) VALUES (78, 'tromp');
INSERT INTO `communities` (`id`, `name`) VALUES (89, 'turner');
INSERT INTO `communities` (`id`, `name`) VALUES (40, 'walter');
INSERT INTO `communities` (`id`, `name`) VALUES (88, 'west');
INSERT INTO `communities` (`id`, `name`) VALUES (3, 'wuckert');


#
# TABLE STRUCTURE FOR: communities_users
#

DROP TABLE IF EXISTS `communities_users`;

CREATE TABLE `communities_users` (
  `community_id` int(11) unsigned NOT NULL,
  `user_id` int(11) unsigned NOT NULL,
  PRIMARY KEY (`community_id`,`user_id`)
) ENGINE=InnoDB DEFAULT CHARSET=utf8 COLLATE=utf8_unicode_ci;

INSERT INTO `communities_users` (`community_id`, `user_id`) VALUES (1, 1);
INSERT INTO `communities_users` (`community_id`, `user_id`) VALUES (2, 2);
INSERT INTO `communities_users` (`community_id`, `user_id`) VALUES (3, 3);
INSERT INTO `communities_users` (`community_id`, `user_id`) VALUES (4, 4);
INSERT INTO `communities_users` (`community_id`, `user_id`) VALUES (5, 5);
INSERT INTO `communities_users` (`community_id`, `user_id`) VALUES (6, 6);
INSERT INTO `communities_users` (`community_id`, `user_id`) VALUES (7, 7);
INSERT INTO `communities_users` (`community_id`, `user_id`) VALUES (8, 8);
INSERT INTO `communities_users` (`community_id`, `user_id`) VALUES (9, 9);
INSERT INTO `communities_users` (`community_id`, `user_id`) VALUES (10, 10);
INSERT INTO `communities_users` (`community_id`, `user_id`) VALUES (11, 11);
INSERT INTO `communities_users` (`community_id`, `user_id`) VALUES (12, 12);
INSERT INTO `communities_users` (`community_id`, `user_id`) VALUES (13, 13);
INSERT INTO `communities_users` (`community_id`, `user_id`) VALUES (14, 14);
INSERT INTO `communities_users` (`community_id`, `user_id`) VALUES (15, 15);
INSERT INTO `communities_users` (`community_id`, `user_id`) VALUES (16, 16);
INSERT INTO `communities_users` (`community_id`, `user_id`) VALUES (17, 17);
INSERT INTO `communities_users` (`community_id`, `user_id`) VALUES (18, 18);
INSERT INTO `communities_users` (`community_id`, `user_id`) VALUES (19, 19);
INSERT INTO `communities_users` (`community_id`, `user_id`) VALUES (20, 20);
INSERT INTO `communities_users` (`community_id`, `user_id`) VALUES (21, 21);
INSERT INTO `communities_users` (`community_id`, `user_id`) VALUES (22, 22);
INSERT INTO `communities_users` (`community_id`, `user_id`) VALUES (23, 23);
INSERT INTO `communities_users` (`community_id`, `user_id`) VALUES (24, 24);
INSERT INTO `communities_users` (`community_id`, `user_id`) VALUES (25, 25);
INSERT INTO `communities_users` (`community_id`, `user_id`) VALUES (26, 26);
INSERT INTO `communities_users` (`community_id`, `user_id`) VALUES (27, 27);
INSERT INTO `communities_users` (`community_id`, `user_id`) VALUES (28, 28);
INSERT INTO `communities_users` (`community_id`, `user_id`) VALUES (29, 29);
INSERT INTO `communities_users` (`community_id`, `user_id`) VALUES (30, 30);
INSERT INTO `communities_users` (`community_id`, `user_id`) VALUES (31, 31);
INSERT INTO `communities_users` (`community_id`, `user_id`) VALUES (32, 32);
INSERT INTO `communities_users` (`community_id`, `user_id`) VALUES (33, 33);
INSERT INTO `communities_users` (`community_id`, `user_id`) VALUES (34, 34);
INSERT INTO `communities_users` (`community_id`, `user_id`) VALUES (35, 35);
INSERT INTO `communities_users` (`community_id`, `user_id`) VALUES (36, 36);
INSERT INTO `communities_users` (`community_id`, `user_id`) VALUES (37, 37);
INSERT INTO `communities_users` (`community_id`, `user_id`) VALUES (38, 38);
INSERT INTO `communities_users` (`community_id`, `user_id`) VALUES (39, 39);
INSERT INTO `communities_users` (`community_id`, `user_id`) VALUES (40, 40);
INSERT INTO `communities_users` (`community_id`, `user_id`) VALUES (41, 41);
INSERT INTO `communities_users` (`community_id`, `user_id`) VALUES (42, 42);
INSERT INTO `communities_users` (`community_id`, `user_id`) VALUES (43, 43);
INSERT INTO `communities_users` (`community_id`, `user_id`) VALUES (44, 44);
INSERT INTO `communities_users` (`community_id`, `user_id`) VALUES (45, 45);
INSERT INTO `communities_users` (`community_id`, `user_id`) VALUES (46, 46);
INSERT INTO `communities_users` (`community_id`, `user_id`) VALUES (47, 47);
INSERT INTO `communities_users` (`community_id`, `user_id`) VALUES (48, 48);
INSERT INTO `communities_users` (`community_id`, `user_id`) VALUES (49, 49);
INSERT INTO `communities_users` (`community_id`, `user_id`) VALUES (50, 50);
INSERT INTO `communities_users` (`community_id`, `user_id`) VALUES (51, 51);
INSERT INTO `communities_users` (`community_id`, `user_id`) VALUES (52, 52);
INSERT INTO `communities_users` (`community_id`, `user_id`) VALUES (53, 53);
INSERT INTO `communities_users` (`community_id`, `user_id`) VALUES (54, 54);
INSERT INTO `communities_users` (`community_id`, `user_id`) VALUES (55, 55);
INSERT INTO `communities_users` (`community_id`, `user_id`) VALUES (56, 56);
INSERT INTO `communities_users` (`community_id`, `user_id`) VALUES (57, 57);
INSERT INTO `communities_users` (`community_id`, `user_id`) VALUES (58, 58);
INSERT INTO `communities_users` (`community_id`, `user_id`) VALUES (59, 59);
INSERT INTO `communities_users` (`community_id`, `user_id`) VALUES (60, 60);
INSERT INTO `communities_users` (`community_id`, `user_id`) VALUES (61, 61);
INSERT INTO `communities_users` (`community_id`, `user_id`) VALUES (62, 62);
INSERT INTO `communities_users` (`community_id`, `user_id`) VALUES (63, 63);
INSERT INTO `communities_users` (`community_id`, `user_id`) VALUES (64, 64);
INSERT INTO `communities_users` (`community_id`, `user_id`) VALUES (65, 65);
INSERT INTO `communities_users` (`community_id`, `user_id`) VALUES (66, 66);
INSERT INTO `communities_users` (`community_id`, `user_id`) VALUES (67, 67);
INSERT INTO `communities_users` (`community_id`, `user_id`) VALUES (68, 68);
INSERT INTO `communities_users` (`community_id`, `user_id`) VALUES (69, 69);
INSERT INTO `communities_users` (`community_id`, `user_id`) VALUES (70, 70);
INSERT INTO `communities_users` (`community_id`, `user_id`) VALUES (71, 71);
INSERT INTO `communities_users` (`community_id`, `user_id`) VALUES (72, 72);
INSERT INTO `communities_users` (`community_id`, `user_id`) VALUES (73, 73);
INSERT INTO `communities_users` (`community_id`, `user_id`) VALUES (74, 74);
INSERT INTO `communities_users` (`community_id`, `user_id`) VALUES (75, 75);
INSERT INTO `communities_users` (`community_id`, `user_id`) VALUES (76, 76);
INSERT INTO `communities_users` (`community_id`, `user_id`) VALUES (77, 77);
INSERT INTO `communities_users` (`community_id`, `user_id`) VALUES (78, 78);
INSERT INTO `communities_users` (`community_id`, `user_id`) VALUES (79, 79);
INSERT INTO `communities_users` (`community_id`, `user_id`) VALUES (80, 80);
INSERT INTO `communities_users` (`community_id`, `user_id`) VALUES (81, 81);
INSERT INTO `communities_users` (`community_id`, `user_id`) VALUES (82, 82);
INSERT INTO `communities_users` (`community_id`, `user_id`) VALUES (83, 83);
INSERT INTO `communities_users` (`community_id`, `user_id`) VALUES (84, 84);
INSERT INTO `communities_users` (`community_id`, `user_id`) VALUES (85, 85);
INSERT INTO `communities_users` (`community_id`, `user_id`) VALUES (86, 86);
INSERT INTO `communities_users` (`community_id`, `user_id`) VALUES (87, 87);
INSERT INTO `communities_users` (`community_id`, `user_id`) VALUES (88, 88);
INSERT INTO `communities_users` (`community_id`, `user_id`) VALUES (89, 89);
INSERT INTO `communities_users` (`community_id`, `user_id`) VALUES (90, 90);
INSERT INTO `communities_users` (`community_id`, `user_id`) VALUES (91, 91);
INSERT INTO `communities_users` (`community_id`, `user_id`) VALUES (92, 92);
INSERT INTO `communities_users` (`community_id`, `user_id`) VALUES (93, 93);
INSERT INTO `communities_users` (`community_id`, `user_id`) VALUES (94, 94);
INSERT INTO `communities_users` (`community_id`, `user_id`) VALUES (95, 95);
INSERT INTO `communities_users` (`community_id`, `user_id`) VALUES (96, 96);
INSERT INTO `communities_users` (`community_id`, `user_id`) VALUES (97, 97);
INSERT INTO `communities_users` (`community_id`, `user_id`) VALUES (98, 98);
INSERT INTO `communities_users` (`community_id`, `user_id`) VALUES (99, 99);
INSERT INTO `communities_users` (`community_id`, `user_id`) VALUES (100, 100);


#
# TABLE STRUCTURE FOR: users
#

DROP TABLE IF EXISTS `users`;

CREATE TABLE `users` (
  `id` int(11) unsigned NOT NULL AUTO_INCREMENT,
  `firstname` varchar(50) COLLATE utf8_unicode_ci NOT NULL,
  `lastname` varchar(50) COLLATE utf8_unicode_ci NOT NULL,
  `email` varchar(120) COLLATE utf8_unicode_ci NOT NULL,
  `created_at` datetime DEFAULT current_timestamp(),
  `updated_at` datetime DEFAULT current_timestamp() ON UPDATE current_timestamp(),
  PRIMARY KEY (`id`),
  UNIQUE KEY `email` (`email`)
) ENGINE=InnoDB AUTO_INCREMENT=101 DEFAULT CHARSET=utf8 COLLATE=utf8_unicode_ci;

INSERT INTO `users` (`id`, `firstname`, `lastname`, `email`, `created_at`, `updated_at`) VALUES (1, 'Norris', 'Kassulke', 'arussel@example.net', '1982-11-25 05:51:32', '2001-02-08 17:22:46');
INSERT INTO `users` (`id`, `firstname`, `lastname`, `email`, `created_at`, `updated_at`) VALUES (2, 'Kristin', 'Kovacek', 'willms.lorna@example.org', '2017-09-24 02:06:02', '2013-04-26 12:16:00');
INSERT INTO `users` (`id`, `firstname`, `lastname`, `email`, `created_at`, `updated_at`) VALUES (3, 'Dorothy', 'Stroman', 'tyson97@example.net', '2002-10-04 02:12:02', '1975-08-10 03:19:30');
INSERT INTO `users` (`id`, `firstname`, `lastname`, `email`, `created_at`, `updated_at`) VALUES (4, 'Ollie', 'Hermiston', 'orogahn@example.com', '1989-12-14 11:20:53', '1983-06-17 09:17:59');
INSERT INTO `users` (`id`, `firstname`, `lastname`, `email`, `created_at`, `updated_at`) VALUES (5, 'Zora', 'Halvorson', 'wilbert.jacobs@example.com', '2015-04-30 13:23:31', '2005-10-27 05:04:14');
INSERT INTO `users` (`id`, `firstname`, `lastname`, `email`, `created_at`, `updated_at`) VALUES (6, 'Eduardo', 'Conroy', 'grant.gonzalo@example.com', '2015-04-13 05:49:34', '2005-01-07 03:13:51');
INSERT INTO `users` (`id`, `firstname`, `lastname`, `email`, `created_at`, `updated_at`) VALUES (7, 'Eulalia', 'Auer', 'eliza.carter@example.net', '2009-09-01 13:51:57', '1978-08-24 03:59:22');
INSERT INTO `users` (`id`, `firstname`, `lastname`, `email`, `created_at`, `updated_at`) VALUES (8, 'Genevieve', 'Gleichner', 'eschneider@example.org', '2010-12-19 17:06:44', '2017-05-24 00:34:09');
INSERT INTO `users` (`id`, `firstname`, `lastname`, `email`, `created_at`, `updated_at`) VALUES (9, 'Melyssa', 'Treutel', 'retta.treutel@example.com', '1985-04-30 11:08:20', '1972-07-08 19:59:11');
INSERT INTO `users` (`id`, `firstname`, `lastname`, `email`, `created_at`, `updated_at`) VALUES (10, 'Eriberto', 'Monahan', 'gordon50@example.org', '1980-06-28 01:12:18', '1990-06-01 04:36:49');
INSERT INTO `users` (`id`, `firstname`, `lastname`, `email`, `created_at`, `updated_at`) VALUES (11, 'Leif', 'Willms', 'swift.ignatius@example.org', '2017-04-29 13:56:16', '1983-09-14 05:16:37');
INSERT INTO `users` (`id`, `firstname`, `lastname`, `email`, `created_at`, `updated_at`) VALUES (12, 'Nayeli', 'Ondricka', 'julian.rempel@example.org', '2016-05-24 17:59:51', '1983-08-19 03:04:38');
INSERT INTO `users` (`id`, `firstname`, `lastname`, `email`, `created_at`, `updated_at`) VALUES (13, 'Gwendolyn', 'Renner', 'xorn@example.net', '1998-02-09 10:54:17', '1974-05-21 00:04:13');
INSERT INTO `users` (`id`, `firstname`, `lastname`, `email`, `created_at`, `updated_at`) VALUES (14, 'Mauricio', 'Leffler', 'tierra88@example.net', '2016-05-31 17:54:33', '2010-11-12 22:38:09');
INSERT INTO `users` (`id`, `firstname`, `lastname`, `email`, `created_at`, `updated_at`) VALUES (15, 'Leanne', 'Bode', 'lucious.shanahan@example.org', '1982-01-16 15:17:13', '1997-04-10 18:54:13');
INSERT INTO `users` (`id`, `firstname`, `lastname`, `email`, `created_at`, `updated_at`) VALUES (16, 'Ramona', 'Feest', 'prince.kuhlman@example.org', '2012-10-03 15:25:43', '1977-02-05 10:50:06');
INSERT INTO `users` (`id`, `firstname`, `lastname`, `email`, `created_at`, `updated_at`) VALUES (17, 'Dee', 'Wyman', 'steuber.raina@example.org', '1990-01-02 20:48:05', '1997-01-19 00:02:01');
INSERT INTO `users` (`id`, `firstname`, `lastname`, `email`, `created_at`, `updated_at`) VALUES (18, 'Hillary', 'Witting', 'vwilderman@example.com', '1989-04-15 11:24:42', '1984-02-10 14:58:29');
INSERT INTO `users` (`id`, `firstname`, `lastname`, `email`, `created_at`, `updated_at`) VALUES (19, 'Candida', 'Smith', 'taya16@example.org', '1971-01-14 22:45:07', '1979-12-07 22:45:08');
INSERT INTO `users` (`id`, `firstname`, `lastname`, `email`, `created_at`, `updated_at`) VALUES (20, 'Annette', 'Koch', 'douglas.darrel@example.com', '1973-02-04 07:52:24', '2013-01-11 20:12:52');
INSERT INTO `users` (`id`, `firstname`, `lastname`, `email`, `created_at`, `updated_at`) VALUES (21, 'Willard', 'Kling', 'elvera82@example.com', '2011-04-11 15:22:32', '1985-06-01 04:31:07');
INSERT INTO `users` (`id`, `firstname`, `lastname`, `email`, `created_at`, `updated_at`) VALUES (22, 'Rowena', 'Waelchi', 'cordell87@example.com', '2004-11-23 14:16:05', '1980-10-21 08:03:50');
INSERT INTO `users` (`id`, `firstname`, `lastname`, `email`, `created_at`, `updated_at`) VALUES (23, 'Antwan', 'Schneider', 'yrosenbaum@example.com', '1974-03-17 16:17:09', '1977-02-23 13:22:06');
INSERT INTO `users` (`id`, `firstname`, `lastname`, `email`, `created_at`, `updated_at`) VALUES (24, 'Athena', 'Wintheiser', 'karelle.lowe@example.org', '2005-11-15 03:18:12', '1997-04-28 22:49:47');
INSERT INTO `users` (`id`, `firstname`, `lastname`, `email`, `created_at`, `updated_at`) VALUES (25, 'Helga', 'Cassin', 'johnston.jason@example.com', '2012-02-24 04:43:39', '1978-01-16 01:25:20');
INSERT INTO `users` (`id`, `firstname`, `lastname`, `email`, `created_at`, `updated_at`) VALUES (26, 'Jaydon', 'Douglas', 'palma38@example.com', '2002-11-12 06:13:53', '1978-06-17 21:48:14');
INSERT INTO `users` (`id`, `firstname`, `lastname`, `email`, `created_at`, `updated_at`) VALUES (27, 'Bartholome', 'Hodkiewicz', 'jamil.kassulke@example.net', '2011-02-23 22:37:34', '2009-12-30 18:52:33');
INSERT INTO `users` (`id`, `firstname`, `lastname`, `email`, `created_at`, `updated_at`) VALUES (28, 'Amara', 'Hand', 'susana.walsh@example.org', '1994-09-10 14:37:18', '1998-06-01 07:43:27');
INSERT INTO `users` (`id`, `firstname`, `lastname`, `email`, `created_at`, `updated_at`) VALUES (29, 'Nola', 'Berge', 'tessie39@example.com', '1987-07-10 11:29:03', '1986-07-12 16:21:40');
INSERT INTO `users` (`id`, `firstname`, `lastname`, `email`, `created_at`, `updated_at`) VALUES (30, 'Lina', 'Hirthe', 'ufriesen@example.net', '2013-02-05 14:48:48', '2000-06-06 05:20:22');
INSERT INTO `users` (`id`, `firstname`, `lastname`, `email`, `created_at`, `updated_at`) VALUES (31, 'Jana', 'Turner', 'satterfield.katarina@example.com', '1975-11-18 05:00:38', '1995-06-30 10:24:52');
INSERT INTO `users` (`id`, `firstname`, `lastname`, `email`, `created_at`, `updated_at`) VALUES (32, 'Madge', 'Moore', 'swaniawski.willard@example.org', '2013-01-02 17:01:54', '1990-09-02 07:00:57');
INSERT INTO `users` (`id`, `firstname`, `lastname`, `email`, `created_at`, `updated_at`) VALUES (33, 'Pearlie', 'Runte', 'stark.javon@example.org', '1992-03-22 22:15:45', '1989-03-12 21:44:52');
INSERT INTO `users` (`id`, `firstname`, `lastname`, `email`, `created_at`, `updated_at`) VALUES (34, 'Durward', 'Zemlak', 'audie59@example.net', '1974-11-28 04:30:05', '1986-10-16 14:28:46');
INSERT INTO `users` (`id`, `firstname`, `lastname`, `email`, `created_at`, `updated_at`) VALUES (35, 'Kristina', 'Gutkowski', 'reese47@example.com', '2009-02-20 17:11:09', '2014-03-31 16:46:29');
INSERT INTO `users` (`id`, `firstname`, `lastname`, `email`, `created_at`, `updated_at`) VALUES (36, 'Jarvis', 'Heaney', 'orlando.stiedemann@example.org', '2002-03-28 02:42:08', '2012-01-12 16:27:56');
INSERT INTO `users` (`id`, `firstname`, `lastname`, `email`, `created_at`, `updated_at`) VALUES (37, 'Rick', 'Kuphal', 'gdurgan@example.net', '2013-03-05 03:45:22', '1982-07-14 13:33:01');
INSERT INTO `users` (`id`, `firstname`, `lastname`, `email`, `created_at`, `updated_at`) VALUES (38, 'Drake', 'Spencer', 'halvorson.caleb@example.org', '1995-05-27 14:43:22', '1972-05-15 01:52:59');
INSERT INTO `users` (`id`, `firstname`, `lastname`, `email`, `created_at`, `updated_at`) VALUES (39, 'Tillman', 'Kub', 'fletcher38@example.org', '2018-09-08 22:56:56', '1996-07-06 10:02:28');
INSERT INTO `users` (`id`, `firstname`, `lastname`, `email`, `created_at`, `updated_at`) VALUES (40, 'Ruby', 'Yundt', 'madilyn27@example.com', '2002-05-11 17:01:36', '1971-01-31 01:07:44');
INSERT INTO `users` (`id`, `firstname`, `lastname`, `email`, `created_at`, `updated_at`) VALUES (41, 'Pattie', 'Murazik', 'greenfelder.nelda@example.net', '1996-01-21 07:37:13', '1975-08-24 16:15:09');
INSERT INTO `users` (`id`, `firstname`, `lastname`, `email`, `created_at`, `updated_at`) VALUES (42, 'Deshawn', 'Koch', 'bartell.kaelyn@example.net', '1972-11-21 07:05:38', '2002-10-20 04:17:55');
INSERT INTO `users` (`id`, `firstname`, `lastname`, `email`, `created_at`, `updated_at`) VALUES (43, 'Clement', 'Ruecker', 'bkoepp@example.com', '1978-05-20 00:53:18', '2006-11-09 06:36:53');
INSERT INTO `users` (`id`, `firstname`, `lastname`, `email`, `created_at`, `updated_at`) VALUES (44, 'Cassie', 'White', 'dale.streich@example.com', '1993-09-09 06:45:14', '1998-07-18 00:09:41');
INSERT INTO `users` (`id`, `firstname`, `lastname`, `email`, `created_at`, `updated_at`) VALUES (45, 'Emanuel', 'Gaylord', 'daniel.penelope@example.org', '2009-09-10 16:30:17', '1970-06-17 13:24:44');
INSERT INTO `users` (`id`, `firstname`, `lastname`, `email`, `created_at`, `updated_at`) VALUES (46, 'Erica', 'Mohr', 'yundt.sigmund@example.net', '2008-09-29 03:51:33', '1983-06-13 10:19:22');
INSERT INTO `users` (`id`, `firstname`, `lastname`, `email`, `created_at`, `updated_at`) VALUES (47, 'Christ', 'Bailey', 'ylabadie@example.org', '1974-04-02 08:59:03', '1993-09-17 08:10:50');
INSERT INTO `users` (`id`, `firstname`, `lastname`, `email`, `created_at`, `updated_at`) VALUES (48, 'Alivia', 'Schiller', 'stehr.zita@example.org', '1983-04-13 03:22:52', '1994-05-22 22:57:00');
INSERT INTO `users` (`id`, `firstname`, `lastname`, `email`, `created_at`, `updated_at`) VALUES (49, 'Leopoldo', 'Langworth', 'ullrich.trever@example.com', '2017-11-22 19:21:21', '1987-02-25 14:52:20');
INSERT INTO `users` (`id`, `firstname`, `lastname`, `email`, `created_at`, `updated_at`) VALUES (50, 'Abbigail', 'Zboncak', 'hank.little@example.com', '1978-09-12 01:41:58', '1993-01-12 23:06:28');
INSERT INTO `users` (`id`, `firstname`, `lastname`, `email`, `created_at`, `updated_at`) VALUES (51, 'Michael', 'Orn', 'vprohaska@example.net', '1994-04-09 19:36:02', '1988-02-23 19:42:15');
INSERT INTO `users` (`id`, `firstname`, `lastname`, `email`, `created_at`, `updated_at`) VALUES (52, 'Ole', 'Kerluke', 'funk.eliezer@example.org', '2013-07-29 22:44:38', '1984-11-24 21:45:01');
INSERT INTO `users` (`id`, `firstname`, `lastname`, `email`, `created_at`, `updated_at`) VALUES (53, 'Lyla', 'Padberg', 'susanna23@example.com', '2002-02-01 10:51:46', '1981-02-18 03:43:54');
INSERT INTO `users` (`id`, `firstname`, `lastname`, `email`, `created_at`, `updated_at`) VALUES (54, 'Tristin', 'Lueilwitz', 'maurine.bartoletti@example.net', '2010-05-09 01:48:36', '1974-01-24 19:36:05');
INSERT INTO `users` (`id`, `firstname`, `lastname`, `email`, `created_at`, `updated_at`) VALUES (55, 'Tito', 'Beatty', 'wendell25@example.org', '2008-05-07 04:49:23', '2004-01-18 23:44:01');
INSERT INTO `users` (`id`, `firstname`, `lastname`, `email`, `created_at`, `updated_at`) VALUES (56, 'Ashlynn', 'Watsica', 'tatyana09@example.net', '1996-09-14 15:46:03', '2014-07-21 23:10:57');
INSERT INTO `users` (`id`, `firstname`, `lastname`, `email`, `created_at`, `updated_at`) VALUES (57, 'Cynthia', 'Deckow', 'mzboncak@example.org', '1989-07-29 11:46:12', '1976-08-24 18:48:02');
INSERT INTO `users` (`id`, `firstname`, `lastname`, `email`, `created_at`, `updated_at`) VALUES (58, 'Karen', 'Tromp', 'graham76@example.com', '2000-06-06 07:47:41', '2018-05-22 12:31:01');
INSERT INTO `users` (`id`, `firstname`, `lastname`, `email`, `created_at`, `updated_at`) VALUES (59, 'Sabryna', 'Brown', 'ahuel@example.com', '1992-09-16 01:31:37', '1971-12-30 22:06:09');
INSERT INTO `users` (`id`, `firstname`, `lastname`, `email`, `created_at`, `updated_at`) VALUES (60, 'Arnold', 'Labadie', 'dorothea.legros@example.com', '1980-01-01 03:28:13', '1995-08-12 08:44:06');
INSERT INTO `users` (`id`, `firstname`, `lastname`, `email`, `created_at`, `updated_at`) VALUES (61, 'Hiram', 'Lowe', 'cornell50@example.com', '2007-02-05 21:06:30', '1997-11-27 00:53:34');
INSERT INTO `users` (`id`, `firstname`, `lastname`, `email`, `created_at`, `updated_at`) VALUES (62, 'Constance', 'Ziemann', 'gwill@example.org', '1979-02-27 13:01:08', '2003-08-05 11:04:43');
INSERT INTO `users` (`id`, `firstname`, `lastname`, `email`, `created_at`, `updated_at`) VALUES (63, 'Jack', 'Shields', 'goodwin.paige@example.com', '1999-01-05 21:41:12', '2014-09-24 12:15:24');
INSERT INTO `users` (`id`, `firstname`, `lastname`, `email`, `created_at`, `updated_at`) VALUES (64, 'Taryn', 'Cronin', 'gdonnelly@example.net', '1997-11-07 01:22:26', '1994-04-09 20:12:36');
INSERT INTO `users` (`id`, `firstname`, `lastname`, `email`, `created_at`, `updated_at`) VALUES (65, 'Zakary', 'Schuppe', 'kuphal.alta@example.net', '2016-04-11 18:12:13', '2011-03-25 00:48:59');
INSERT INTO `users` (`id`, `firstname`, `lastname`, `email`, `created_at`, `updated_at`) VALUES (66, 'Alysson', 'Torp', 'mayert.velma@example.org', '1971-03-21 09:22:51', '1996-11-19 17:37:21');
INSERT INTO `users` (`id`, `firstname`, `lastname`, `email`, `created_at`, `updated_at`) VALUES (67, 'Cecile', 'Hills', 'nettie.bergnaum@example.net', '1977-04-08 04:28:37', '1994-10-29 20:50:37');
INSERT INTO `users` (`id`, `firstname`, `lastname`, `email`, `created_at`, `updated_at`) VALUES (68, 'Greg', 'Turcotte', 'howell.antonio@example.net', '1975-07-10 14:21:20', '2014-01-05 17:39:47');
INSERT INTO `users` (`id`, `firstname`, `lastname`, `email`, `created_at`, `updated_at`) VALUES (69, 'Jeremy', 'Eichmann', 'jaylin.o\'kon@example.com', '1998-04-29 16:51:17', '1996-04-16 00:23:19');
INSERT INTO `users` (`id`, `firstname`, `lastname`, `email`, `created_at`, `updated_at`) VALUES (70, 'Werner', 'Doyle', 'diamond87@example.com', '2010-03-27 18:37:43', '1974-08-17 13:21:53');
INSERT INTO `users` (`id`, `firstname`, `lastname`, `email`, `created_at`, `updated_at`) VALUES (71, 'Savion', 'Hane', 'baumbach.kirsten@example.com', '2008-09-16 03:37:33', '2008-03-25 05:02:10');
INSERT INTO `users` (`id`, `firstname`, `lastname`, `email`, `created_at`, `updated_at`) VALUES (72, 'Leonardo', 'Sanford', 'rodriguez.fanny@example.net', '2018-08-31 10:38:14', '1992-05-02 22:42:20');
INSERT INTO `users` (`id`, `firstname`, `lastname`, `email`, `created_at`, `updated_at`) VALUES (73, 'Lorenzo', 'Schamberger', 'deborah.romaguera@example.net', '2002-12-11 22:56:00', '2017-05-03 23:42:05');
INSERT INTO `users` (`id`, `firstname`, `lastname`, `email`, `created_at`, `updated_at`) VALUES (74, 'Elouise', 'Kuhic', 'anne00@example.com', '2005-07-09 04:17:17', '1981-02-04 08:03:34');
INSERT INTO `users` (`id`, `firstname`, `lastname`, `email`, `created_at`, `updated_at`) VALUES (75, 'May', 'Streich', 'senger.jerod@example.net', '2009-09-06 13:29:40', '1986-06-15 07:35:17');
INSERT INTO `users` (`id`, `firstname`, `lastname`, `email`, `created_at`, `updated_at`) VALUES (76, 'Rosamond', 'Willms', 'kaleigh.renner@example.net', '1988-05-11 15:26:00', '1983-07-31 11:37:49');
INSERT INTO `users` (`id`, `firstname`, `lastname`, `email`, `created_at`, `updated_at`) VALUES (77, 'Shyanne', 'Hoppe', 'schulist.evie@example.net', '1974-12-13 20:03:10', '1991-06-09 05:44:28');
INSERT INTO `users` (`id`, `firstname`, `lastname`, `email`, `created_at`, `updated_at`) VALUES (78, 'Kenyon', 'Bernier', 'london53@example.com', '2007-05-24 05:14:21', '1992-11-08 20:32:18');
INSERT INTO `users` (`id`, `firstname`, `lastname`, `email`, `created_at`, `updated_at`) VALUES (79, 'Russel', 'Kessler', 'hrodriguez@example.net', '1992-11-07 07:28:09', '1982-06-29 03:54:27');
INSERT INTO `users` (`id`, `firstname`, `lastname`, `email`, `created_at`, `updated_at`) VALUES (80, 'Genevieve', 'Buckridge', 'cziemann@example.com', '1972-12-27 13:50:10', '1991-08-17 17:41:48');
INSERT INTO `users` (`id`, `firstname`, `lastname`, `email`, `created_at`, `updated_at`) VALUES (81, 'Era', 'Jacobs', 'zemlak.ike@example.com', '1985-04-23 08:50:12', '1970-09-06 09:01:15');
INSERT INTO `users` (`id`, `firstname`, `lastname`, `email`, `created_at`, `updated_at`) VALUES (82, 'Jamison', 'Haag', 'scot92@example.com', '1976-01-03 16:55:18', '2013-04-17 13:33:09');
INSERT INTO `users` (`id`, `firstname`, `lastname`, `email`, `created_at`, `updated_at`) VALUES (83, 'Titus', 'Dickens', 'wunsch.hailey@example.com', '1979-06-24 20:37:33', '2002-03-22 08:20:17');
INSERT INTO `users` (`id`, `firstname`, `lastname`, `email`, `created_at`, `updated_at`) VALUES (84, 'Lyda', 'Grimes', 'kuhlman.garrick@example.org', '2012-06-05 21:51:55', '1987-06-01 22:15:53');
INSERT INTO `users` (`id`, `firstname`, `lastname`, `email`, `created_at`, `updated_at`) VALUES (85, 'Ova', 'Weissnat', 'cicero15@example.net', '1984-01-12 16:35:59', '2000-08-15 14:38:56');
INSERT INTO `users` (`id`, `firstname`, `lastname`, `email`, `created_at`, `updated_at`) VALUES (86, 'Caesar', 'Waters', 'kellie.hermann@example.com', '2003-08-21 14:39:35', '1987-08-07 10:28:05');
INSERT INTO `users` (`id`, `firstname`, `lastname`, `email`, `created_at`, `updated_at`) VALUES (87, 'Ivah', 'Hilll', 'klocko.mathias@example.org', '1999-02-07 14:50:07', '1971-09-05 12:55:41');
INSERT INTO `users` (`id`, `firstname`, `lastname`, `email`, `created_at`, `updated_at`) VALUES (88, 'Bridget', 'Schaefer', 'chadd.marks@example.com', '2007-01-18 19:56:32', '2006-12-28 03:15:07');
INSERT INTO `users` (`id`, `firstname`, `lastname`, `email`, `created_at`, `updated_at`) VALUES (89, 'Arno', 'Strosin', 'lkling@example.org', '1994-11-20 18:05:47', '2003-03-16 04:28:53');
INSERT INTO `users` (`id`, `firstname`, `lastname`, `email`, `created_at`, `updated_at`) VALUES (90, 'Marjolaine', 'Towne', 'samanta.schamberger@example.org', '1990-02-20 23:21:18', '1996-08-12 10:02:59');
INSERT INTO `users` (`id`, `firstname`, `lastname`, `email`, `created_at`, `updated_at`) VALUES (91, 'Lera', 'Shanahan', 'feil.obie@example.org', '2007-02-05 02:31:37', '1988-03-26 11:13:14');
INSERT INTO `users` (`id`, `firstname`, `lastname`, `email`, `created_at`, `updated_at`) VALUES (92, 'Phyllis', 'Hodkiewicz', 'wisozk.bridget@example.net', '1975-02-18 22:24:08', '2018-07-29 00:17:28');
INSERT INTO `users` (`id`, `firstname`, `lastname`, `email`, `created_at`, `updated_at`) VALUES (93, 'Fernando', 'Nader', 'hoppe.raheem@example.net', '2016-07-27 04:12:23', '2008-03-01 08:32:52');
INSERT INTO `users` (`id`, `firstname`, `lastname`, `email`, `created_at`, `updated_at`) VALUES (94, 'Mario', 'Nader', 'antonietta06@example.com', '1990-07-16 07:12:07', '1975-09-17 04:34:38');
INSERT INTO `users` (`id`, `firstname`, `lastname`, `email`, `created_at`, `updated_at`) VALUES (95, 'Heber', 'Little', 'shane50@example.net', '1991-03-07 23:06:01', '2002-07-30 02:41:45');
INSERT INTO `users` (`id`, `firstname`, `lastname`, `email`, `created_at`, `updated_at`) VALUES (96, 'Hal', 'Schultz', 'alivia55@example.com', '1990-05-02 06:29:21', '1993-02-01 12:49:43');
INSERT INTO `users` (`id`, `firstname`, `lastname`, `email`, `created_at`, `updated_at`) VALUES (97, 'Lauriane', 'Kunze', 'beahan.friedrich@example.org', '2012-10-25 10:36:35', '1995-06-09 09:12:21');
INSERT INTO `users` (`id`, `firstname`, `lastname`, `email`, `created_at`, `updated_at`) VALUES (98, 'Viviane', 'Johnson', 'hessel.leanna@example.org', '2018-02-25 09:38:28', '2003-12-11 18:51:55');
INSERT INTO `users` (`id`, `firstname`, `lastname`, `email`, `created_at`, `updated_at`) VALUES (99, 'Mortimer', 'Kreiger', 'nwolf@example.org', '1982-02-08 01:55:17', '1986-12-07 09:21:09');
INSERT INTO `users` (`id`, `firstname`, `lastname`, `email`, `created_at`, `updated_at`) VALUES (100, 'Amanda', 'Haag', 'tyson.kirlin@example.org', '2014-10-02 13:51:51', '2007-12-09 11:30:19');


